scenario,year,unemployment,gdp_per_capita,median_living,historical_analogue_range,internal_coherence_score,primary_justification,main_caveat
OPTIMISTIC,2030,9.0,39700,26500,Spain/Greece upper stress; Italy stagnation; France policy-supported episodes,ACCEPTABLE,Candidate path can be explained by the stated crisis/scarring mechanisms.,Candidate unemployment is not the frozen V8.05 path.
OPTIMISTIC,2040,10.5,39500,26200,Spain/Greece upper stress; Italy stagnation; France policy-supported episodes,ACCEPTABLE,Candidate path can be explained by the stated crisis/scarring mechanisms.,Candidate unemployment is not the frozen V8.05 path.
OPTIMISTIC,2050,12.0,36500,25200,Spain/Greece upper stress; Italy stagnation; France policy-supported episodes,WEAK,Candidate path can be explained by the stated crisis/scarring mechanisms.,Higher unemployment and protected median living strain the least-bad low-scarring narrative.
CENTRAL,2030,9.7,38500,25800,Spain/Greece upper stress; Italy stagnation; France policy-supported episodes,ACCEPTABLE,Candidate path can be explained by the stated crisis/scarring mechanisms.,Candidate unemployment is not the frozen V8.05 path.
CENTRAL,2040,12.0,36500,25300,Spain/Greece upper stress; Italy stagnation; France policy-supported episodes,ACCEPTABLE,Candidate path can be explained by the stated crisis/scarring mechanisms.,Candidate unemployment is not the frozen V8.05 path.
CENTRAL,2050,14.0,34000,23900,Spain/Greece upper stress; Italy stagnation; France policy-supported episodes,ACCEPTABLE,Candidate path can be explained by the stated crisis/scarring mechanisms.,Candidate unemployment is not the frozen V8.05 path.
PESSIMISTIC,2030,11.3,37000,25000,Spain/Greece upper stress; Italy stagnation; France policy-supported episodes,ACCEPTABLE,Candidate path can be explained by the stated crisis/scarring mechanisms.,Candidate unemployment is not the frozen V8.05 path.
PESSIMISTIC,2040,14.7,34000,23500,Spain/Greece upper stress; Italy stagnation; France policy-supported episodes,ACCEPTABLE,Candidate path can be explained by the stated crisis/scarring mechanisms.,Candidate unemployment is not the frozen V8.05 path.
PESSIMISTIC,2050,17.8,30000,22000,Spain/Greece upper stress; Italy stagnation; France policy-supported episodes,INCONSISTENT,Candidate path can be explained by the stated crisis/scarring mechanisms.,17.8% exceeds approved unemployment range; adoption requires range review.
