risk_name,risk_class,mechanism,primary_transmission_to_targets,persistent_scarring,evidence_needed_for_v802
ageing/demography,ageing,Shrinking working-age population raises dependency burden and reduces labor input.,employment and GDP per capita; median living through transfers and household composition,yes,"Historical base rates, official stress scenarios, severity/duration distributions, recovery evidence, and interaction research."
fiscal deficits,fiscal,Persistent deficits increase financing needs and constrain future policy space.,"GDP per capita and median living through taxes, spending and demand",yes,"Historical base rates, official stress scenarios, severity/duration distributions, recovery evidence, and interaction research."
debt/interest feedback,fiscal,Higher debt and rates raise interest burden and refinancing sensitivity.,all three through fiscal adjustment and demand,yes,"Historical base rates, official stress scenarios, severity/duration distributions, recovery evidence, and interaction research."
taxation/spending constraints,institutional,Political limits on tax rises or spending cuts delay consolidation.,median living and employment through public services and labor costs,yes,"Historical base rates, official stress scenarios, severity/duration distributions, recovery evidence, and interaction research."
under-investment,structural,Weak investment lowers future productive capacity.,GDP per capita and median living,yes,"Historical base rates, official stress scenarios, severity/duration distributions, recovery evidence, and interaction research."
capital weakness,structural,Low capital deepening reduces output per worker.,GDP per capita and employment,yes,"Historical base rates, official stress scenarios, severity/duration distributions, recovery evidence, and interaction research."
productivity,structural,Slower multifactor or labor productivity limits real income growth.,GDP per capita and median living,yes,"Historical base rates, official stress scenarios, severity/duration distributions, recovery evidence, and interaction research."
competitiveness,external,Cost and productivity disadvantages reduce export and investment demand.,GDP per capita and employment,yes,"Historical base rates, official stress scenarios, severity/duration distributions, recovery evidence, and interaction research."
deindustrialisation,structural,Loss of tradable capacity weakens high-productivity employment.,employment and GDP per capita,yes,"Historical base rates, official stress scenarios, severity/duration distributions, recovery evidence, and interaction research."
education/human capital,structural,Skill mismatch limits productivity and labor reallocation.,employment and GDP per capita,yes,"Historical base rates, official stress scenarios, severity/duration distributions, recovery evidence, and interaction research."
infrastructure,structural,Infrastructure bottlenecks reduce productivity and resilience.,GDP per capita,yes,"Historical base rates, official stress scenarios, severity/duration distributions, recovery evidence, and interaction research."
welfare/health burden,structural,Rising health and welfare needs compete with productive spending.,median living and employment,yes,"Historical base rates, official stress scenarios, severity/duration distributions, recovery evidence, and interaction research."
migration,demography,"Migration changes labor supply, population and fiscal balances.",employment and GDP per capita,yes,"Historical base rates, official stress scenarios, severity/duration distributions, recovery evidence, and interaction research."
political/institutional constraints,institutional,Policy uncertainty delays investment and adjustment.,all three,yes,"Historical base rates, official stress scenarios, severity/duration distributions, recovery evidence, and interaction research."
structural inflation/energy,structural,Persistent input-cost pressure erodes real household income.,median living and employment,yes,"Historical base rates, official stress scenarios, severity/duration distributions, recovery evidence, and interaction research."
chronic climate damage,climate,"Repeated heat, drought and flood damage reduce output and raise costs.",GDP per capita and median living,yes,"Historical base rates, official stress scenarios, severity/duration distributions, recovery evidence, and interaction research."
AI/automation,technology,"Automation changes task demand, productivity and displacement risk.",employment and GDP per capita,yes,"Historical base rates, official stress scenarios, severity/duration distributions, recovery evidence, and interaction research."
technology outside AI,technology,Diffusion of general technology affects productivity and competitiveness.,GDP per capita and median living,yes,"Historical base rates, official stress scenarios, severity/duration distributions, recovery evidence, and interaction research."
French sovereign/debt crisis,event/crisis,"Discrete adverse shock affecting financing, demand, supply, confidence or external conditions.",Unemployment through labor demand; GDP per capita through output; median living through real income and prices.,to be researched,"Probability over 2/5/10/25 years; timing, severity, duration, recovery, scarring and interactions."
refinancing/spread crisis,event/crisis,"Discrete adverse shock affecting financing, demand, supply, confidence or external conditions.",Unemployment through labor demand; GDP per capita through output; median living through real income and prices.,to be researched,"Probability over 2/5/10/25 years; timing, severity, duration, recovery, scarring and interactions."
banking/financial crisis,event/crisis,"Discrete adverse shock affecting financing, demand, supply, confidence or external conditions.",Unemployment through labor demand; GDP per capita through output; median living through real income and prices.,to be researched,"Probability over 2/5/10/25 years; timing, severity, duration, recovery, scarring and interactions."
euro-area sovereign crisis,event/crisis,"Discrete adverse shock affecting financing, demand, supply, confidence or external conditions.",Unemployment through labor demand; GDP per capita through output; median living through real income and prices.,to be researched,"Probability over 2/5/10/25 years; timing, severity, duration, recovery, scarring and interactions."
global recession,event/crisis,"Discrete adverse shock affecting financing, demand, supply, confidence or external conditions.",Unemployment through labor demand; GDP per capita through output; median living through real income and prices.,to be researched,"Probability over 2/5/10/25 years; timing, severity, duration, recovery, scarring and interactions."
asset-price crash,event/crisis,"Discrete adverse shock affecting financing, demand, supply, confidence or external conditions.",Unemployment through labor demand; GDP per capita through output; median living through real income and prices.,to be researched,"Probability over 2/5/10/25 years; timing, severity, duration, recovery, scarring and interactions."
credit crisis,event/crisis,"Discrete adverse shock affecting financing, demand, supply, confidence or external conditions.",Unemployment through labor demand; GDP per capita through output; median living through real income and prices.,to be researched,"Probability over 2/5/10/25 years; timing, severity, duration, recovery, scarring and interactions."
energy shock,event/crisis,"Discrete adverse shock affecting financing, demand, supply, confidence or external conditions.",Unemployment through labor demand; GDP per capita through output; median living through real income and prices.,to be researched,"Probability over 2/5/10/25 years; timing, severity, duration, recovery, scarring and interactions."
oil/gas shock,event/crisis,"Discrete adverse shock affecting financing, demand, supply, confidence or external conditions.",Unemployment through labor demand; GDP per capita through output; median living through real income and prices.,to be researched,"Probability over 2/5/10/25 years; timing, severity, duration, recovery, scarring and interactions."
major geopolitical conflict,event/crisis,"Discrete adverse shock affecting financing, demand, supply, confidence or external conditions.",Unemployment through labor demand; GDP per capita through output; median living through real income and prices.,to be researched,"Probability over 2/5/10/25 years; timing, severity, duration, recovery, scarring and interactions."
trade fragmentation shock,event/crisis,"Discrete adverse shock affecting financing, demand, supply, confidence or external conditions.",Unemployment through labor demand; GDP per capita through output; median living through real income and prices.,to be researched,"Probability over 2/5/10/25 years; timing, severity, duration, recovery, scarring and interactions."
major climate/food-price shock,event/crisis,"Discrete adverse shock affecting financing, demand, supply, confidence or external conditions.",Unemployment through labor demand; GDP per capita through output; median living through real income and prices.,to be researched,"Probability over 2/5/10/25 years; timing, severity, duration, recovery, scarring and interactions."
domestic political crisis,event/crisis,"Discrete adverse shock affecting financing, demand, supply, confidence or external conditions.",Unemployment through labor demand; GDP per capita through output; median living through real income and prices.,to be researched,"Probability over 2/5/10/25 years; timing, severity, duration, recovery, scarring and interactions."
housing/real-estate shock,event/crisis,"Discrete adverse shock affecting financing, demand, supply, confidence or external conditions.",Unemployment through labor demand; GDP per capita through output; median living through real income and prices.,to be researched,"Probability over 2/5/10/25 years; timing, severity, duration, recovery, scarring and interactions."
combinations of the above,event/crisis,"Discrete adverse shock affecting financing, demand, supply, confidence or external conditions.",Unemployment through labor demand; GDP per capita through output; median living through real income and prices.,to be researched,"Probability over 2/5/10/25 years; timing, severity, duration, recovery, scarring and interactions."
