scenario,period,unemployment,real_gdp_per_capita,real_median_living_standard
OPTIMISTIC,2026-2030,MILD DETERIORATION,MILD IMPROVEMENT,MILD IMPROVEMENT
OPTIMISTIC,2031-2040,STAGNATION,MILD IMPROVEMENT,MILD IMPROVEMENT
OPTIMISTIC,2041-2050,STAGNATION,MILD IMPROVEMENT,STAGNATION
CENTRAL,2026-2030,MODERATE DETERIORATION,STAGNATION,STAGNATION
CENTRAL,2031-2040,MILD DETERIORATION,STAGNATION,MILD DETERIORATION
CENTRAL,2041-2050,MILD DETERIORATION,MILD DETERIORATION,MILD DETERIORATION
PESSIMISTIC,2026-2030,SEVERE DETERIORATION,MODERATE DETERIORATION,MODERATE DETERIORATION
PESSIMISTIC,2031-2040,SEVERE DETERIORATION,MODERATE DETERIORATION,MODERATE DETERIORATION
PESSIMISTIC,2041-2050,SEVERE DETERIORATION,SEVERE DETERIORATION,MODERATE DETERIORATION
