variable,year,institutional_reference,FranceScope_low,FranceScope_central,FranceScope_high,numerical_gap,institutional_assumptions,FranceScope_assumptions,reason_for_divergence
unemployment_rate,2030,7.1,8.5,9.1,11.3,low=1.40; central=2.00; high=4.20,Baseline participation/demographic convergence and limited permanent scarring; EC reference is a long-run structural projection.,"Persistent fiscal pressure, debt-service burden, under-investment, weaker capital formation/productivity, competitiveness loss, political constraints, stronger crisis scarring, hysteresis, and weaker recovery.",FranceScope assigns greater weight to structural deterioration and persistent scarring; it does not claim institutions are wrong.
unemployment_rate,2040,6.7,10.0,12.0,14.7,low=3.30; central=5.30; high=8.00,Baseline participation/demographic convergence and limited permanent scarring; EC reference is a long-run structural projection.,"Persistent fiscal pressure, debt-service burden, under-investment, weaker capital formation/productivity, competitiveness loss, political constraints, stronger crisis scarring, hysteresis, and weaker recovery.",FranceScope assigns greater weight to structural deterioration and persistent scarring; it does not claim institutions are wrong.
unemployment_rate,2050,6.3,12.0,14.0,17.8,low=5.70; central=7.70; high=11.50,Baseline participation/demographic convergence and limited permanent scarring; EC reference is a long-run structural projection.,"Persistent fiscal pressure, debt-service burden, under-investment, weaker capital formation/productivity, competitiveness loss, political constraints, stronger crisis scarring, hysteresis, and weaker recovery.",FranceScope assigns greater weight to structural deterioration and persistent scarring; it does not claim institutions are wrong.
real_gdp_per_capita,2030,NA,39700.0,38500.0,37000.0,NA,No comparable direct long-run institutional level reference.,"Persistent fiscal pressure, debt-service burden, under-investment, weaker capital formation/productivity, competitiveness loss, political constraints, stronger crisis scarring, hysteresis, and weaker recovery.",FranceScope assigns greater weight to structural deterioration and persistent scarring; it does not claim institutions are wrong.
real_gdp_per_capita,2040,NA,39000.0,36500.0,34000.0,NA,No comparable direct long-run institutional level reference.,"Persistent fiscal pressure, debt-service burden, under-investment, weaker capital formation/productivity, competitiveness loss, political constraints, stronger crisis scarring, hysteresis, and weaker recovery.",FranceScope assigns greater weight to structural deterioration and persistent scarring; it does not claim institutions are wrong.
real_gdp_per_capita,2050,NA,36500.0,34000.0,30000.0,NA,No comparable direct long-run institutional level reference.,"Persistent fiscal pressure, debt-service burden, under-investment, weaker capital formation/productivity, competitiveness loss, political constraints, stronger crisis scarring, hysteresis, and weaker recovery.",FranceScope assigns greater weight to structural deterioration and persistent scarring; it does not claim institutions are wrong.
real_median_living_standard,2030,NA,26500.0,25800.0,25000.0,NA,No comparable direct long-run institutional level reference.,"Persistent fiscal pressure, debt-service burden, under-investment, weaker capital formation/productivity, competitiveness loss, political constraints, stronger crisis scarring, hysteresis, and weaker recovery.",FranceScope assigns greater weight to structural deterioration and persistent scarring; it does not claim institutions are wrong.
real_median_living_standard,2040,NA,25800.0,25000.0,23100.0,NA,No comparable direct long-run institutional level reference.,"Persistent fiscal pressure, debt-service burden, under-investment, weaker capital formation/productivity, competitiveness loss, political constraints, stronger crisis scarring, hysteresis, and weaker recovery.",FranceScope assigns greater weight to structural deterioration and persistent scarring; it does not claim institutions are wrong.
real_median_living_standard,2050,NA,24700.0,23300.0,20800.0,NA,No comparable direct long-run institutional level reference.,"Persistent fiscal pressure, debt-service burden, under-investment, weaker capital formation/productivity, competitiveness loss, political constraints, stronger crisis scarring, hysteresis, and weaker recovery.",FranceScope assigns greater weight to structural deterioration and persistent scarring; it does not claim institutions are wrong.
